{
  "label_metrics": {
    "amota": {
      "bicycle": 0.27235299789382017,
      "bus": 0.7406951680834118,
      "car": 0.7351218475639689,
      "motorcycle": 0.505708808604844,
      "pedestrian": 0.7545275588725506,
      "trailer": 0.33720650803364455,
      "truck": 0.5802431259450037
    },
    "amotp": {
      "bicycle": 0.9646087478953179,
      "bus": 0.7410785226123574,
      "car": 0.5341864466998276,
      "motorcycle": 0.857124778312256,
      "pedestrian": 0.5251516297650728,
      "trailer": 1.2269961006632228,
      "truck": 0.7539296538914242
    },
    "recall": {
      "bicycle": 0.3612644254892122,
      "bus": 0.7741477272727273,
      "car": 0.7378123017301987,
      "motorcycle": 0.593829033889732,
      "pedestrian": 0.8000236006765528,
      "trailer": 0.3847422680412371,
      "truck": 0.5888082901554405
    },
    "motar": {
      "bicycle": 0.673157162726008,
      "bus": 0.8574923547400611,
      "car": 0.8513830285982185,
      "motorcycle": 0.763542562338779,
      "pedestrian": 0.8239254014161763,
      "trailer": 0.8002148227712135,
      "truck": 0.7636267419297936
    },
    "gt": {
      "bicycle": 1993.0,
      "bus": 2112.0,
      "car": 58317.0,
      "motorcycle": 1977.0,
      "pedestrian": 25423.0,
      "trailer": 2425.0,
      "truck": 9650.0
    },
    "mota": {
      "bicycle": 0.24284997491219262,
      "bus": 0.6638257575757576,
      "car": 0.6228029562563232,
      "motorcycle": 0.4491654021244309,
      "pedestrian": 0.6499232978012036,
      "trailer": 0.30721649484536084,
      "truck": 0.44860103626943004
    },
    "motp": {
      "bicycle": 0.17927543053415856,
      "bus": 0.5070373080756881,
      "car": 0.2643904465385066,
      "motorcycle": 0.2839122269386562,
      "pedestrian": 0.25730341912990007,
      "trailer": 0.758430042928349,
      "truck": 0.4043783272487519
    },
    "mt": {
      "bicycle": 27.0,
      "bus": 64.0,
      "car": 1978.0,
      "motorcycle": 42.0,
      "pedestrian": 1052.0,
      "trailer": 32.0,
      "truck": 237.0
    },
    "ml": {
      "bicycle": 96.0,
      "bus": 23.0,
      "car": 1053.0,
      "motorcycle": 48.0,
      "pedestrian": 313.0,
      "trailer": 86.0,
      "truck": 238.0
    },
    "faf": {
      "bicycle": 15.249837767683323,
      "bus": 14.019253910950663,
      "car": 110.28004870412245,
      "motorcycle": 18.58108108108108,
      "pedestrian": 78.2233052724856,
      "trailer": 18.67469879518072,
      "truck": 35.1798372276188
    },
    "tp": {
      "bicycle": 719.0,
      "bus": 1635.0,
      "car": 42660.0,
      "motorcycle": 1163.0,
      "pedestrian": 20054.0,
      "trailer": 931.0,
      "truck": 5669.0
    },
    "fp": {
      "bicycle": 235.0,
      "bus": 233.0,
      "car": 6340.0,
      "motorcycle": 275.0,
      "pedestrian": 3531.0,
      "trailer": 186.0,
      "truck": 1340.0
    },
    "fn": {
      "bicycle": 1273.0,
      "bus": 477.0,
      "car": 15290.0,
      "motorcycle": 803.0,
      "pedestrian": 5084.0,
      "trailer": 1492.0,
      "truck": 3968.0
    },
    "ids": {
      "bicycle": 1.0,
      "bus": 0.0,
      "car": 367.0,
      "motorcycle": 11.0,
      "pedestrian": 285.0,
      "trailer": 2.0,
      "truck": 13.0
    },
    "frag": {
      "bicycle": 1.0,
      "bus": 20.0,
      "car": 341.0,
      "motorcycle": 14.0,
      "pedestrian": 171.0,
      "trailer": 21.0,
      "truck": 38.0
    },
    "tid": {
      "bicycle": 1.9274193548387097,
      "bus": 0.9352941176470588,
      "car": 0.7905778432094221,
      "motorcycle": 1.620879120879121,
      "pedestrian": 0.5778485491861288,
      "trailer": 1.7547169811320755,
      "truck": 0.9455128205128205
    },
    "lgd": {
      "bicycle": 2.2661290322580645,
      "bus": 1.188235294117647,
      "car": 1.0818917924181082,
      "motorcycle": 2.291208791208791,
      "pedestrian": 0.9182590233545648,
      "trailer": 2.339622641509434,
      "truck": 1.3189102564102564
    }
  },
  "eval_time": 2360.2203793525696,
  "cfg": {
    "class_range": {
      "car": 50,
      "truck": 50,
      "bus": 50,
      "trailer": 50,
      "pedestrian": 40,
      "motorcycle": 40,
      "bicycle": 40
    },
    "dist_fcn": "center_distance",
    "dist_th_tp": 2.0,
    "min_recall": 0.1,
    "max_boxes_per_sample": 500,
    "metric_worst": {
      "amota": 0.0,
      "amotp": 2.0,
      "recall": 0.0,
      "motar": 0.0,
      "mota": 0.0,
      "motp": 2.0,
      "mt": 0.0,
      "ml": -1.0,
      "faf": 500,
      "gt": -1,
      "tp": 0.0,
      "fp": -1.0,
      "fn": -1.0,
      "ids": -1.0,
      "frag": -1.0,
      "tid": 20,
      "lgd": 20
    },
    "num_thresholds": 40
  },
  "amota": 0.5608365735710348,
  "amotp": 0.8004394114056398,
  "recall": 0.6058039496078715,
  "motar": 0.7904774392171786,
  "gt": 14556.714285714286,
  "mota": 0.4834835599692427,
  "motp": 0.37924674305628725,
  "mt": 3432.0,
  "ml": 1857.0,
  "faf": 41.45829467987466,
  "tp": 72831.0,
  "fp": 12140.0,
  "fn": 28387.0,
  "ids": 679.0,
  "frag": 606.0,
  "tid": 1.221749826772191,
  "lgd": 1.6291795473252664,
  "meta": {
    "use_camera": false,
    "use_lidar": true,
    "use_radar": false,
    "use_map": false,
    "use_external": false
  }
}